{
  "version": 2,
  "mode": "es_online",
  "architecture": "linear_feedback",
  "input_size": 11,
  "hidden_units": 16,
  "linear_feature_indices": [
    0,
    1,
    2,
    3,
    4,
    5,
    6,
    7,
    8,
    9,
    10
  ],
  "learn_speed": false,
  "theta": [
    0.06103379011079945,
    -0.004610287477433973,
    0.0024494712508235958,
    0.005027803550339503,
    0.012283923662819985,
    -0.015516340277833728,
    0.04323383912158551,
    0.016342453575099596,
    0.026039626613573154,
    -0.009372702903027157,
    -0.0029268279732585847,
    0.001528731001027482
  ],
  "best_return": -0.2704619022578154,
  "saved_at": 1780896020.0997112,
  "trainer": {
    "type": "temporal_linear_dynamics_es",
    "transition_count": 540,
    "imagined_loss": 0.2704619022578154,
    "dynamics_shape": [
      14,
      11
    ]
  }
}