{
  "version": 1,
  "mode": "es_online",
  "input_size": 11,
  "hidden_units": 16,
  "theta": [
    -0.22402461739142282,
    0.16592738075150773,
    -0.24743300332340043,
    -0.34097963734956405,
    -0.23202343270943085,
    -0.1997292521936861,
    0.23448398819626312,
    0.2765413530548325,
    0.20714056030046443,
    0.05071683436131789,
    0.11140660071814487,
    0.24404763515086011,
    -0.09929864167125203,
    -0.18119713316845043,
    0.4895457806675938,
    0.5079820112505631,
    0.2233410265798714,
    0.22656925915948903,
    0.2800919640730757,
    0.2397020928472224,
    -0.1847922470806527,
    0.33183631772532907,
    -0.09556516048168452,
    -0.4694478970939052,
    -0.2745210908972232,
    0.5018037446117067,
    -0.2869760539024556,
    -0.013900458727737973,
    0.045674518123564906,
    -0.29570782492889863,
    -0.10818938466621375,
    0.2049974413058004,
    -0.30724598412755205,
    -0.05905623540643821,
    0.09196475413428268,
    0.4343897435905248,
    0.11036453939073668,
    0.038383977587227475,
    -0.2418784170881479,
    0.2233186268080991,
    -0.2470194278650291,
    0.08922287167477885,
    -0.2590321958572251,
    0.2878522191744849,
    -0.18379418365015698,
    0.13436107054150595,
    0.24777061580617987,
    0.08056093718808341,
    0.11698443828662042,
    0.2138873258559122,
    0.007357536498300024,
    -0.4466190325493302,
    -0.5214537607473531,
    -0.026359901961005447,
    0.22755438323860616,
    -0.38564262791267395,
    0.07518309676948245,
    -0.3158536252491251,
    0.19295252677361133,
    0.5165909055045637,
    0.13184986299922144,
    -0.12154125014619135,
    -0.1913247345029106,
    -0.2325402439183109,
    0.10700796815779628,
    0.209443730292887,
    0.4293076422687578,
    0.08381231805446884,
    0.3895852027120402,
    0.011341801158735731,
    -0.19598000385316422,
    -0.049166278540862654,
    -0.05359917608079521,
    0.09220175997959354,
    -0.1873748479762213,
    -0.10950961073129317,
    0.10079991107774902,
    0.3697446943338932,
    0.08303604202751397,
    0.19785395741167483,
    0.10462061120986699,
    0.09621758281499992,
    0.29424651451982897,
    0.13555950103179065,
    0.4645088691461633,
    0.6251578164901129,
    -0.19812289482861867,
    0.022812771645297616,
    0.17038455231538396,
    -0.04272084523665369,
    -0.05219826489568202,
    -0.06905281699597823,
    -0.19996913199895483,
    -0.03941397027949928,
    0.02175943519889078,
    0.020379855434653205,
    0.44835927273549536,
    -0.2747567747245723,
    0.16856750145218058,
    0.28455457620986985,
    -0.25841014923563577,
    -0.18921755819132452,
    0.15389976665796137,
    0.5956553506131672,
    0.25659439693750846,
    0.2633916394802736,
    -0.2274538317417668,
    0.3314676831353096,
    0.10183646829299317,
    -0.08018246251716807,
    -0.003178884797681039,
    0.24815597016881363,
    -0.151449180835821,
    0.6273689793796989,
    0.27463775266250234,
    -0.005741342233731253,
    0.2924484205190151,
    -0.006148568968789403,
    0.6080500219957119,
    -0.39612363310156473,
    0.27800497647943584,
    0.33850735966191203,
    0.10250849429536238,
    0.324535508871822,
    0.20315065061491092,
    -0.27256749511333433,
    -0.24541931016490917,
    0.23386183371117503,
    0.10701160007089462,
    -0.5983101363439366,
    -0.4384263786363418,
    -0.19378562018694234,
    -0.514013846282231,
    0.3184030684656819,
    -0.21174214580393919,
    0.0883772668085376,
    -0.03457144266770938,
    0.09716050433021542,
    -0.3025990800239746,
    0.24048536414581123,
    -0.284497157508659,
    0.08261225918939025,
    0.11554767850037702,
    0.07267245776954583,
    0.07232953985598953,
    -0.08208327755922773,
    -0.1114434842466253,
    0.008569532122117862,
    0.09041199618423323,
    0.18304008283137768,
    0.10250159877364654,
    -0.08578002305414352,
    -0.2745774981320899,
    0.21579984207908542,
    0.2679761982145619,
    -0.03869858656824143,
    0.3219093165033148,
    -0.14890426770595594,
    -0.02418843781879705,
    0.05351958242610247,
    -0.18332773522820708,
    0.13757846510545457,
    -0.07600951514656998,
    0.07293901950800241,
    0.27025744636170146,
    -0.12102402649205751,
    -0.3483165648268877,
    0.10389851803709733,
    -0.2848331409971563,
    -0.3423976554245075,
    0.06391816231512493,
    0.07204869337197542,
    0.24027076358641145,
    0.23418238017844067,
    -0.3088489400552337,
    0.15517266929947285,
    0.05274634910191578,
    -0.2404459902197347,
    0.4803408068433278,
    -0.09907681413595809,
    -0.19708765908434941,
    -0.019329582778261516,
    -0.4046488841871263,
    0.45589660950994665,
    -0.1098131331103671,
    0.15430850434583424,
    0.08984503757128524,
    -0.4984886682923052,
    0.07473443361550058,
    0.2900209702913029,
    0.08218569956069971,
    0.25915912976084465,
    -0.2104652993685426,
    -0.2573269290624418,
    -0.29580666012243256,
    0.08111296532259821,
    0.3636681513224182,
    -0.2866809953612309,
    -0.4263900141875609,
    0.09382923756941067,
    0.03170808706111877,
    0.19480900734961615,
    0.2737497605870196,
    -0.2225528350994166,
    -0.030725482183324798,
    0.18890367531869942,
    -0.2744873853005864,
    0.22815178072800996,
    -0.09722179140400446,
    0.3917938020791566,
    0.20611787911209206,
    -0.2078944469072752,
    -0.5324795209115786,
    -0.31197588235219836,
    0.1906685793020798,
    -0.42109574665432586,
    0.038713453929345054,
    0.022108811633217762,
    0.09475670336449749,
    -0.17499634142016932,
    -0.19965450488775627,
    -0.4031369193261923,
    0.4990841621804632,
    0.3517991422535814,
    0.3684972144583098,
    -0.2059149957214982
  ],
  "best_return": -0.06406116519496007,
  "saved_at": 1780893608.6948848
}