{
  "source_csv": "/home/ircv02/HYU-ECL3003/rover/trailer_task/angle_calib_run_sign_filtered_20260607_223304/angle_calibration.csv",
  "feature_names": [
    "det_conf",
    "width_norm",
    "height_norm",
    "center_x_norm",
    "center_y_norm",
    "area_norm",
    "log_area",
    "aspect"
  ],
  "min_conf": 0.18,
  "ridge_lambda": 0.1,
  "cameras": {
    "cam0": {
      "count": 60,
      "angles": [
        -50.0,
        -45.0,
        -35.0,
        -25.0,
        -15.0,
        -10.0
      ],
      "train_metrics": {
        "count": 60,
        "mae_deg": 0.2605608958010974,
        "rmse_deg": 0.3635880395820495,
        "max_abs_err_deg": 1.2779139335005283
      },
      "leave_one_angle_out": {
        "count": 60,
        "mae_deg": 0.9524568322732634,
        "rmse_deg": 1.2072875222765833,
        "max_abs_err_deg": 2.5154802223186437,
        "folds": 6
      },
      "mean": [
        0.6434201666666665,
        0.08915073333333336,
        0.46169295000000005,
        0.5794827833333333,
        0.4856696833333334,
        0.043484293333333354,
        -3.336753416666667,
        0.24553794999999992
      ],
      "std": [
        0.10447857640830274,
        0.043091276569961215,
        0.07074718681531325,
        0.25827566910080735,
        0.03243017776983431,
        0.02600546423467337,
        0.6516307079331127,
        0.09739700339870576
      ],
      "coef": [
        -30.0,
        -0.010773861186677213,
        1.3348019334830663,
        -3.1323636497887772,
        -9.637297327113416,
        -3.2415019248528845,
        -0.19342503914530335,
        -0.525818684261152,
        -0.3795058676506556
      ]
    },
    "cam1": {
      "count": 60,
      "angles": [
        10.0,
        15.0,
        25.0,
        35.0,
        45.0,
        50.0
      ],
      "train_metrics": {
        "count": 60,
        "mae_deg": 0.3284862715449869,
        "rmse_deg": 0.3766064311449668,
        "max_abs_err_deg": 0.882179593462606
      },
      "leave_one_angle_out": {
        "count": 60,
        "mae_deg": 2.376577508192623,
        "rmse_deg": 2.8681905415300006,
        "max_abs_err_deg": 6.2308445764847065,
        "folds": 6
      },
      "mean": [
        0.7370928333333335,
        0.07765348333333334,
        0.45411771666666667,
        0.31007111666666654,
        0.48368119999999987,
        0.03700649533333332,
        -3.4538072499999983,
        0.21566505000000002
      ],
      "std": [
        0.05285150004467445,
        0.033080681116774514,
        0.0713359483907171,
        0.23923844480086473,
        0.05425540522006386,
        0.020082422689608564,
        0.5686849843982351,
        0.07127901437413049
      ],
      "coef": [
        29.999999999999993,
        -0.39244814852710264,
        -2.5964946708517105,
        3.393197471570904,
        -6.394197315975499,
        6.237175302870291,
        0.22423193472361838,
        1.3248483853512607,
        0.48891450519706653
      ]
    }
  }
}